<?xml version="1.0" encoding="UTF-8" standalone="yes"?>
<addon id="repository.tibersam" name="Tibersam Repository" version="0.2" provider-name="tibersam">
    <extension point="xbmc.addon.repository" name="Tibersam Repository">
        <dir>
            <info compressed="false">https://raw.githubusercontent.com/tibersam/repository.tibersam/master/repo/zips/addons.xml</info>
            <checksum>https://raw.githubusercontent.com/tibersam/repository.tibersam/master/repo/zips/addons.xml.md5</checksum>
	    <datadir zip="true">https://raw.githubusercontent.com/tibersam/repository.tibersam/master/repo/zips/</datadir>
    	</dir>
	<dir minversion="18.9.0">
            <info compressed="false">https://raw.githubusercontent.com/tibersam/repository.tibersam/master/matrix/zips/addons.xml</info>
            <checksum>https://raw.githubusercontent.com/tibersam/repository.tibersam/master/matrix/zips/addons.xml.md5</checksum>
	    <datadir zip="true">https://raw.githubusercontent.com/tibersam/repository.tibersam/master/matrix/zips/</datadir>	
	</dir>
    </extension>
    <extension point="xbmc.addon.metadata">
        <summary>Tibersam Repository</summary>
        <description>A repository for plugins developed by tibersam</description>
        <disclaimer>Use at your own risk!</disclaimer>
        <platform>all</platform>
        <assets>
            <icon>icon.png</icon>
            <fanart>fanart.jpg</fanart>
        </assets>
    </extension>
</addon>
