<?xml version="1.0" encoding="UTF-8" standalone="yes"?>
<addon id="service.lightcontroll"
       name="Lightcontroll"
       version="0.1.10"
       provider-name="Tibersam">
  <requires>
	<import addon="xbmc.python" version="3.0.0"/>
	<import addon="script.module.pyserial" version="3.4.0"/>
  </requires>
  <extension point="xbmc.python.script" library="script.py"/>
  <extension point="xbmc.addon.metadata"> 
	  <summary> LightController script </summary>
	  <description>Changes light of homecinema depending on player state</description>
  </extension>
</addon>
