<?xml version="1.0" encoding="UTF-8" standalone="yes"?>
<addon id="plugin.program.moonlight-qt" name="Moonlight" version="0.1.3" provider-name="veldenb">
    <requires>
        <import addon="xbmc.python" version="3.0.0"/>
        <import addon="service.system.docker" version="9.80.11.133"/>
    </requires>
    <extension point="xbmc.python.pluginsource" library="addon.py">
        <provides>game</provides>
    </extension>
    <extension point="xbmc.addon.metadata">
        <summary lang="en_GB">Launcher for Moonlight game streaming on LibreELEC Raspberry Pi 4 and Generic x86_64 devices.</summary>
        <summary lang="nl_NL">Starter voor Moonlight game streaming voor LibreELEC Raspberry Pi 4 en generieke x86_64 apparaten.</summary>
        <summary lang="de_DE">Starter für Moonlight-Spiel-Streaming für LibreELEC Raspberry Pi 4 und generischen x86_64-Geräten.</summary>
        <summary lang="fr_FR">Lanceur pour Moonlight pour les appareils LibreELEC Raspberry Pi 4 et appareils génériques en x86_64.</summary>
        <description lang="en_GB">This add-on launches Moonlight-qt. This add-on also has the ability to launch a specific game and update Moonlight-qt.</description>
        <description lang="nl_NL">Deze uitbreiding start Moonlight-qt. Deze uitbreiding heeft ook de mogelijkheid om een specifiek spel op te starten en Moonlight-qt bij te werken.</description>
        <description lang="de_DE">Diese Erweiterung startet Moonlight-qt. Diese Erweiterung bietet auch die Möglichkeit, ein bestimmtes Spiel zu starten und Moonlight-qt zu aktualisieren.</description>
        <description lang="fr_FR">Cet add-on lance Moonlight-qt. Cet add-on permet aussi de lancer un jeu directement et de mettre à jour Moonlight.</description>
        <language>en</language>
        <platform>linux</platform>
        <license>GPL-3.0-or-later</license>
        <forum></forum>
        <website>https://github.com/veldenb/plugin.program.moonlight-qt</website>
        <email></email>
        <source>https://github.com/veldenb/plugin.program.moonlight-qt</source>
        <news>v0.1.3
- Detect PulseAudio and configure it for Moonlight
- Cleanup language files

v0.1.2
- Add French translation (Thanks to Jorys-Paulin)

v0.1.1
- Fix error when game list is empty
- Fix 5.1 surround sound when choosing a custom audio device in Kodi

v0.1.0
- Add Generic x86_64 support (Thanks to Janne Hakonen!)
- Audio device chosen in Kodi also selected in Moonlight (Thanks to Janne Hakonen!)
- Improved logging

v0.0.6
- Add extra libraries needed in some cases
- Waste less space by copying symlinks as symlinks

v0.0.5
- Shrink package size
- Make sure settings are kept across updates

v0.0.4
- fix XDG_RUNTIME_DIR warning

v0.0.3
- Extra artwork

v0.0.2
- Added language support for Dutch and German language.

v0.0.1
- initial version.</news>
        <disclaimer lang="en_GB">Feel free to use this at your own risk.</disclaimer>
        <disclaimer lang="nl_NL">Voel je vrij om dit te gebruiken maar wel op eigen risico.</disclaimer>
        <disclaimer lang="de_DE">Sie können dies auf eigenes Risiko verwenden.</disclaimer>
        <disclaimer lang="fr_FR">Utilisez cet add-on à vos risques et périls.</disclaimer>
        <assets>
            <icon>resources/icon.png</icon>
            <fanart>resources/fanart.jpg</fanart>
            <screenshot>resources/screenshot-01.jpg</screenshot>
            <screenshot>resources/screenshot-02.jpg</screenshot>
            <screenshot>resources/screenshot-03.jpg</screenshot>
        </assets>
    </extension>
</addon>
