<?xml version="1.0" encoding="UTF-8" standalone="yes"?>
<addon id="service.autorelaunch"
       name="Lightcontroll"
       version="0.1.0"
       provider-name="tibersam">
  <requires>
	<import addon="xbmc.python" version="3.0.0"/>
  </requires>
  <extension point="xbmc.python.script" library="script.py"/>
  <extension point="xbmc.addon.metadata"> 
	  <summary> Autorelaunch script </summary>
	  <description>Uses autoexec.py internally to launch all autoexec configured services. This allows them to be stopped and then restarted.</description>
  </extension>
</addon>
